d = 2 seed pool,n,mean,sd,q2.5,median,q97.5,seeds 0-2,pct among 3-seed means,P(FFM run wins)
FFM (shipped),32.0,1.4541256960626479,0.21456504561953643,1.0383895383573123,1.520007478275822,1.763349621284696,1.6692268240324735,98.20564516129032,
"FFM, default point",20.0,1.4622802448427552,0.10890485915015269,1.2129307526403805,1.4839414822068975,1.5864086056888522,1.5004753775311042,73.7719298245614,0.4578125
"FFM, one-form off",20.0,1.7909640520933512,0.08681644063854073,1.6276931313672915,1.7971096306091843,1.935519023140248,1.8244946266223423,76.05263157894737,0.9546875
"FFM, no grad clip",20.0,1.3797134026230147,0.1796419419075991,1.0761379333181513,1.4004442790742475,1.6541160346648307,1.374906351229817,47.280701754385966,0.38125
"FFM, graph-denoised moments",20.0,1.0558862020356687,0.09157519621011602,0.8950051681463282,1.0441515992182064,1.2225608179540202,0.9854032964302867,7.80701754385965,0.0609375
"FFM, global window, n_eff 100",20.0,0.943410407612537,0.1237311106270838,0.770353099943453,0.9302849269280872,1.1815605054226093,0.9954688438166137,77.45614035087719,0.025
"FFM, off-support barrier",20.0,1.3804252472999727,0.37981233282676813,0.8293340957617389,1.393625100982192,2.2257959709690045,1.2724269578955887,32.36842105263158,0.384375
OT-CFM,20.0,1.810656086376389,0.02964978571912001,1.759520929485837,1.8102924308744863,1.8590564701853465,1.8061629238942398,38.771929824561404,0.9859375
MFM / LAND,20.0,1.481057836721557,0.03402450216931111,1.4076343595539655,1.479336013707268,1.5292758956954022,1.4773304742146465,34.82456140350877,0.4484375
Curly-FM,20.0,1.0524169866913546,0.10151845225014934,0.8678534005752414,1.033805740140528,1.2312983526180687,0.9772538947286536,8.771929824561402,0.0625
"FFM, log-Euclidean mean",20.0,1.2782084108437959,0.29739868198919067,0.6529124475281892,1.3693987187505032,1.638273649683045,1.3106780843261332,54.12280701754386,0.3140625
"FFM, SVR extension",20.0,1.5477792861551147,0.07972224702821457,1.448156981847815,1.5544427851514309,1.7113157738610967,1.543639206489149,50.35087719298246,0.5953125
"FFM, MLP extension",20.0,2.146755332234732,0.08080394276703426,1.994811182097345,2.145433823256031,2.291051352271666,2.1997441923494874,88.68421052631578,1.0
"FFM, MLP + input noise",20.0,1.1665952360666274,0.14389477608305776,0.9222013092501966,1.1417573132152166,1.4006272621130678,1.25903938500902,88.0701754385965,0.1484375
"FFM, learned barrier",20.0,1.3552496843901674,0.16399645197232032,1.0320842828700743,1.3675034634114693,1.6053427891570868,1.3040258026045939,27.456140350877195,0.3421875
