path covariance,M_t = C_rho,M_t = C_rho,M_t = C_rho,M_t = C_rho,M_t = C_rho,I,I,I,I,I
,sigma,mid W2,mid sd,end W2,end sd,sigma,mid W2,mid sd,end W2,end sd
width_mult,,,,,,,,,,
0.003,0.020723,10.487366,0.041914,5.24567,0.230078,0.016727,10.441447,0.143944,5.298011,0.159462
0.01,0.069076,10.493987,0.112331,5.506185,0.434385,0.055757,10.518739,0.159076,5.241983,0.268387
0.03,0.207227,10.487265,0.091866,5.330464,0.161901,0.167271,10.424525,0.135913,5.318034,0.135061
0.1,0.690758,10.369444,0.098709,5.066231,0.344859,0.55757,10.344603,0.129851,5.152066,0.170241
0.3,2.072273,10.46297,0.214174,5.369153,0.158972,1.672711,10.414869,0.192157,5.243299,0.245096
1.0,6.907576,14.008909,0.063551,7.604716,0.301495,5.575704,13.856509,0.149813,7.336299,0.16514
3.0,20.722727,36.365423,0.565189,24.966773,0.773011,16.727111,33.990552,1.118053,26.644909,1.138538
10.0,69.075757,118.01929,4.788949,85.140928,11.535434,55.757036,143.457688,2.953344,130.116182,4.878881
