d,band shown,arm,mid W2,mid sd,argmin t,W2 there,W2 floor,n held,n seeds
2,0%,"FFM (ours), deterministic",1.3833348172992028,0.14102359392229982,0.65,1.0909242102487784,0.10717320348668308,1232.0,3
2,0%,"FFM (ours), with noise",1.3722970024692422,0.15045402970902214,0.65,1.099100762587415,0.10717320348668308,1232.0,3
2,0%,OT-CFM,1.760666522199818,0.0262121590628465,0.6,1.750262167724454,0.10717320348668308,1232.0,3
2,0%,MFM / LAND,1.4506418429096044,0.0024538276695265757,0.65,1.3939136936938572,0.10717320348668308,1232.0,3
2,0%,Curly-FM,0.9751331216681364,0.1704135813362413,0.65,0.9177258034882367,0.10717320348668308,1232.0,3
2,5%,"FFM (ours), deterministic",1.331289514439104,0.06265452562310529,0.65,0.7694329004943082,0.11128722133183036,1172.0,3
2,5%,"FFM (ours), with noise",1.3525359361140588,0.041960792514413314,0.65,0.7972620924845987,0.11128722133183036,1172.0,3
2,5%,OT-CFM,1.7622387679805247,0.03919083786117721,0.6,1.753202391984275,0.11128722133183036,1172.0,3
2,5%,MFM / LAND,1.241235914097711,0.5283227287372405,0.65,1.2025466267130154,0.11128722133183036,1172.0,3
2,5%,Curly-FM,0.9360466709220171,0.10451379808611035,0.4,0.9196064090002672,0.11128722133183036,1172.0,3
2,35%,"FFM (ours), deterministic",1.092690084919585,0.24769630950174854,0.6,0.9648167069474222,0.10613851061997046,802.0,3
2,35%,"FFM (ours), with noise",1.101318154036056,0.2610768978383702,0.65,0.9160367550724512,0.10613851061997046,802.0,3
2,35%,OT-CFM,1.7665665676661197,0.02968645155741666,0.6,1.7538829299927932,0.10613851061997046,802.0,3
2,35%,MFM / LAND,0.6878039865217995,0.03779426154011022,0.55,0.6707721564687393,0.10613851061997046,802.0,3
2,35%,Curly-FM,1.5865335125425297,0.1368833305626969,0.35,1.3954991677520001,0.10613851061997046,802.0,3
10,0%,"FFM (ours), deterministic",10.49241572362815,0.37762037547694344,0.4,9.97547125278494,2.696486866550643,1232.0,3
10,0%,"FFM (ours), with noise",10.362836289244001,0.5461885000598449,0.4,9.729715582807739,2.696486866550643,1232.0,3
10,0%,OT-CFM,11.695828746632356,0.1299856398706901,0.6,11.607371345911952,2.696486866550643,1232.0,3
10,0%,MFM / LAND,11.523312695367744,0.05167826720807386,0.65,11.18418824000301,2.696486866550643,1232.0,3
10,0%,Curly-FM,11.5671395288056,0.3252363191685228,0.45,11.566141418839115,2.696486866550643,1232.0,3
10,5%,"FFM (ours), deterministic",9.278358613774211,0.08995852448996683,0.35,6.196272528993066,2.7326733776693803,1172.0,3
10,5%,"FFM (ours), with noise",9.836671699311205,0.4220894132835834,0.35,7.0975220704623565,2.7326733776693803,1172.0,3
10,5%,OT-CFM,11.69543180997878,0.1176578171745223,0.6,11.623869717230912,2.7326733776693803,1172.0,3
10,5%,MFM / LAND,10.25997935564037,0.8106202261542714,0.65,9.922625528424483,2.7326733776693803,1172.0,3
10,5%,Curly-FM,11.419144070459465,0.15330143266517784,0.55,11.401116000451829,2.7326733776693803,1172.0,3
10,35%,"FFM (ours), deterministic",9.451460680089474,0.16251169956242845,0.35,6.746248096619083,2.710885156781722,802.0,3
10,35%,"FFM (ours), with noise",9.361315615382678,0.2286340916508221,0.35,6.65667958505658,2.710885156781722,802.0,3
10,35%,OT-CFM,11.726064078276226,0.07214566831360397,0.6,11.604341260876014,2.710885156781722,802.0,3
10,35%,MFM / LAND,10.185039957981294,0.14997270491831108,0.65,9.702323575407766,2.710885156781722,802.0,3
10,35%,Curly-FM,11.487750846298566,0.45511477188967786,0.35,11.471800500547227,2.710885156781722,802.0,3
20,0%,"FFM (ours), deterministic",10.420818579694986,0.10281202145379464,0.55,10.349199618192081,4.123766650687236,1232.0,3
20,0%,"FFM (ours), with noise",10.367917326891126,0.06406921206218864,0.55,10.33271632890383,4.123766650687236,1232.0,3
20,0%,OT-CFM,12.32907778169732,0.06849363264753695,0.55,12.266571081858439,4.123766650687236,1232.0,3
20,0%,MFM / LAND,12.036753708237827,0.06961328225854407,0.65,11.70638655156531,4.123766650687236,1232.0,3
20,0%,Curly-FM,12.20666077876669,0.08437859005943613,0.55,12.190550442986982,4.123766650687236,1232.0,3
20,5%,"FFM (ours), deterministic",8.274213076492964,0.35399446641414356,0.55,7.9032070717557845,4.162418408977282,1172.0,3
20,5%,"FFM (ours), with noise",8.486034079829862,0.3097620311408412,0.55,8.035291234962164,4.162418408977282,1172.0,3
20,5%,OT-CFM,12.326360492483934,0.04447832765962343,0.55,12.272434873158288,4.162418408977282,1172.0,3
20,5%,MFM / LAND,11.878412170133899,0.033762146563819824,0.65,11.601304901277055,4.162418408977282,1172.0,3
20,5%,Curly-FM,12.216282959230691,0.10977778701699104,0.55,12.212395151081864,4.162418408977282,1172.0,3
20,35%,"FFM (ours), deterministic",8.19893024251561,0.04810597673027994,0.55,7.932625310382423,4.135226254112751,802.0,3
20,35%,"FFM (ours), with noise",8.251318549205957,0.21599975997984547,0.55,7.732156457071799,4.135226254112751,802.0,3
20,35%,OT-CFM,12.349094945544243,0.08496687810676741,0.6,12.26429900083363,4.135226254112751,802.0,3
20,35%,MFM / LAND,11.72472479480416,0.1739072044477393,0.65,11.276494847933945,4.135226254112751,802.0,3
20,35%,Curly-FM,12.24312928868184,0.06649104743261602,0.55,12.220982077618336,4.135226254112751,802.0,3
50,0%,"FFM (ours), deterministic",12.533375162421406,0.06764023959996335,0.55,12.5257876094471,6.7221897159091695,1232.0,3
50,0%,"FFM (ours), with noise",12.55124153328083,0.05317438334693071,0.55,12.535685856476713,6.7221897159091695,1232.0,3
50,0%,OT-CFM,13.519647429940763,0.056377197848243785,0.55,13.486478326790449,6.7221897159091695,1232.0,3
50,0%,MFM / LAND,12.97972072161499,0.10683506081385866,0.65,12.690850569661364,6.7221897159091695,1232.0,3
50,0%,Curly-FM,13.273154996427069,0.18448196480588638,0.55,13.261175373135359,6.7221897159091695,1232.0,3
50,5%,"FFM (ours), deterministic",12.167496514108231,0.18886053935399144,0.55,12.166375542883202,6.742175621019403,1172.0,3
50,5%,"FFM (ours), with noise",12.142371041993783,0.012289896307599347,0.55,12.126191404475405,6.742175621019403,1172.0,3
50,5%,OT-CFM,13.51276638368037,0.061739702111045014,0.55,13.486236124989517,6.742175621019403,1172.0,3
50,5%,MFM / LAND,13.025529524675733,0.1076872701298794,0.65,12.839965112586967,6.742175621019403,1172.0,3
50,5%,Curly-FM,13.294482619942714,0.3272137833308015,0.55,13.291710199189003,6.742175621019403,1172.0,3
50,35%,"FFM (ours), deterministic",11.381261041306084,0.09452282416465979,0.5,11.381261041306084,6.7049083538379115,802.0,3
50,35%,"FFM (ours), with noise",11.382654539049552,0.15341494874607142,0.5,11.382654539049552,6.7049083538379115,802.0,3
50,35%,OT-CFM,13.54432001057328,0.10522250417406974,0.55,13.496194643341076,6.7049083538379115,802.0,3
50,35%,MFM / LAND,13.154861326091554,0.06525295248645188,0.65,12.89018667661418,6.7049083538379115,802.0,3
50,35%,Curly-FM,13.320865875795107,0.17918394800998733,0.55,13.300966743743865,6.7049083538379115,802.0,3
