d,"untuned, band shown",0%,5%,10%,20%,35%,45%,45% vs 0%,diverged
2,"FFM, default point",1.555343527885651,1.356689815449134,1.3563995740282782,1.359268754413995,1.4018019639339552,1.5698038523289495,0.9297190095975738,0.0
2,OT-CFM,1.823099866031659,1.823099866031659,1.823099866031659,1.823099866031659,1.823099866031659,1.823099866031659,0.0,0.0
2,"MFM / LAND, untuned",1.4833743001344897,1.4414762785483473,0.6628944764270621,0.9953219951450233,0.6012261775278138,0.6111213697541853,-58.801944344136324,0.0
2,"Curly-FM, untuned (alpha 0.01)",1.2768185030773602,0.8125787274985342,0.37741019158367245,0.6452044477550418,0.5178642328567942,0.5647286035181324,-55.77064381844124,0.0
2,"FFM, default point, uniform kNN P",1.8453163210902612,1.8697473897871435,2.010598596377039,1.984027057895126,1.9609986811223246,1.9380540995630668,5.025576233890017,0.0
10,"FFM, default point",11.195716717400222,9.359304174272284,9.002641476675835,9.678582345705996,9.99991136215119,9.790800641387294,-12.548692606963051,0.0
10,OT-CFM,11.716353650477231,11.716353650477231,11.716353650477231,11.716353650477231,11.716353650477231,11.716353650477231,0.0,0.0
10,"MFM / LAND, untuned",11.11444797189359,11.341036441224196,12.598856691923306,10.242275959028673,10.810810301778957,10.038301050671997,-9.682414492766277,0.0
10,"Curly-FM, untuned (alpha 0.01)",14.194733766204156,14.271067914326915,15.395376285320248,14.457278145415259,14.325051845608616,17.128938032783687,20.67107643516004,0.0
10,"FFM, default point, uniform kNN P",14.193610947317481,13.628005668989594,13.671976506788514,13.257924719520574,13.388890345362913,13.656643847727123,-3.7831606177132993,0.0
20,"FFM, default point",11.270353700211292,9.386871183317547,9.300427918157727,9.433234771646356,9.566015096911944,9.221300333544649,-18.180914469687217,0.0
20,OT-CFM,12.32155045639511,12.32155045639511,12.32155045639511,12.32155045639511,12.32155045639511,12.32155045639511,0.0,0.0
20,"MFM / LAND, untuned",11.9773144481706,11.07764719811112,11.69027051700285,11.612740209931495,11.725219608573598,11.811747304239244,-1.3823394605511519,0.0
20,"Curly-FM, untuned (alpha 0.01)",27.782660276558232,39.27203792237256,28.313166153774684,20.545312521516994,8125.781833959864,31.535819812486924,13.508999853032222,6.0
20,"FFM, default point, uniform kNN P",14.419451968193647,14.119898930033886,13.984581867151713,13.900022367068928,14.140257474393016,13.5594851166664,-5.963935754452788,0.0
50,"FFM, default point",13.199869596349027,12.80051380118907,12.755497765450858,12.489033201426821,12.375189585522344,12.215345989320983,-7.458585858305399,0.0
50,OT-CFM,13.46575234514802,13.46575234514802,13.46575234514802,13.46575234514802,13.46575234514802,13.46575234514802,0.0,0.0
50,"MFM / LAND, untuned",13.178604995890927,13.173559418398831,13.25607268922734,13.119082010762414,12.712858554483596,13.077022942630629,-0.7708103649208042,0.0
50,"Curly-FM, untuned (alpha 0.01)",23.450436103597667,26.26052628830565,22.287472744706914,31.820672441334768,22.948985678956255,26.03156221931411,11.006729701374107,0.0
50,"FFM, default point, uniform kNN P",13.92139168893053,13.920965275766926,13.797423145715777,13.717862321036042,13.67149389811765,13.644343088145057,-1.9900927075111818,0.0
