d,band shown,arm,0.35,0.4,0.45,0.5,0.55,0.6,0.65
2,0%,"FFM (ours), deterministic",1.7916792165087108,1.671464867205114,1.5310264935607991,1.3833348172992028,1.247820963649192,1.1452254196278195,1.0909242102487784
2,0%,"FFM (ours), with noise",1.7898665652243337,1.6686665581871882,1.5253409927510673,1.3722970024692422,1.232504313492442,1.134958558618911,1.099100762587415
2,0%,OT-CFM,1.8258754918853797,1.7977576150508208,1.7759510352880088,1.760666522199818,1.7520719696304716,1.750262167724454,1.7552563520902307
2,0%,MFM / LAND,1.496475706644375,1.4804370029699345,1.4655646813274157,1.4506418429096044,1.4345872073226804,1.4161026863321249,1.3939136936938572
2,0%,Curly-FM,1.0150534960184716,1.0036187852416167,0.9900104034474628,0.9751331216681364,0.9588737256989569,0.9402081948376962,0.9177258034882367
2,0%,two-sample floor,0.10717320348668308,0.10717320348668308,0.10717320348668308,0.10717320348668308,0.10717320348668308,0.10717320348668308,0.10717320348668308
2,5%,"FFM (ours), deterministic",1.775197649381072,1.6593032916946464,1.5121840746943678,1.331289514439104,1.1269937917713164,0.9253515658694503,0.7694329004943082
2,5%,"FFM (ours), with noise",1.7736781048558525,1.6605907549051697,1.5206324022721762,1.3525359361140588,1.1624183878730994,0.9668987354376299,0.7972620924845987
2,5%,OT-CFM,1.8254162788649708,1.7979617868300146,1.776832295962408,1.7622387679805247,1.7543341905544416,1.753202391984275,1.7588722406443467
2,5%,MFM / LAND,1.311905394239733,1.2860134777397014,1.262348499352207,1.241235914097711,1.2238330122373808,1.2108819218421,1.2025466267130154
2,5%,Curly-FM,0.9261718269523275,0.9196064090002672,0.9209998809604173,0.9360466709220171,0.9702823333570701,1.0295961489887842,1.1164409708489267
2,5%,two-sample floor,0.11128722133183036,0.11128722133183036,0.11128722133183036,0.11128722133183036,0.11128722133183036,0.11128722133183036,0.11128722133183036
2,35%,"FFM (ours), deterministic",1.5418114664303222,1.3841837594776765,1.22804599448101,1.092690084919585,1.000082231408258,0.9648167069474222,0.98995737791844
2,35%,"FFM (ours), with noise",1.5640076490492765,1.4085413342385757,1.2489113798034222,1.101318154036056,0.9855723311100796,0.9211871926994388,0.9160367550724512
2,35%,OT-CFM,1.834879018191509,1.8057807119232698,1.7829360252393123,1.7665665676661197,1.756844149902263,1.7538829299927932,1.7577249086699318
2,35%,MFM / LAND,0.8601136084835187,0.7781191311941579,0.7229010333149192,0.6878039865217995,0.6707721564687393,0.672509659985184,0.695758525388268
2,35%,Curly-FM,1.3954991677520001,1.4710804502373833,1.532291151362229,1.5865335125425297,1.637155070503563,1.6854306702712607,1.7318325644802197
2,35%,two-sample floor,0.10613851061997046,0.10613851061997046,0.10613851061997046,0.10613851061997046,0.10613851061997046,0.10613851061997046,0.10613851061997046
10,0%,"FFM (ours), deterministic",10.187592822442088,9.97547125278494,10.046999014541791,10.49241572362815,11.06648274953762,11.600944057113713,12.07410564672742
10,0%,"FFM (ours), with noise",9.789804730682162,9.729715582807739,9.912453433306547,10.362836289244001,10.91645800319269,11.47670928778251,11.930482957058615
10,0%,OT-CFM,12.346648560732499,12.064764077297392,11.846389193369603,11.695828746632356,11.615766862129648,11.607371345911952,11.670197884351621
10,0%,MFM / LAND,12.053761740963344,11.854497434179258,11.678049945095317,11.523312695367744,11.389923372540656,11.277434842278828,11.18418824000301
10,0%,Curly-FM,11.589593201584306,11.574953600602726,11.566141418839115,11.5671395288056,11.583245247279207,11.621546764242462,11.692961208876019
10,0%,two-sample floor,2.696486866550643,2.696486866550643,2.696486866550643,2.696486866550643,2.696486866550643,2.696486866550643,2.696486866550643
10,5%,"FFM (ours), deterministic",6.196272528993066,6.884501920104383,8.204614123322886,9.278358613774211,10.047151462632584,10.667994660564242,11.210989793094674
10,5%,"FFM (ours), with noise",7.0975220704623565,7.811412219979481,8.956825178739194,9.836671699311205,10.591544163500467,11.16204890830243,11.670071494681514
10,5%,OT-CFM,12.320489579241007,12.046889722794454,11.837272002020137,11.69543180997878,11.62395039912275,11.623869717230912,11.695095111438233
10,5%,MFM / LAND,10.746343550653007,10.564960811728257,10.40334989743679,10.25997935564037,10.133342523717088,10.022241918761663,9.922625528424483
10,5%,Curly-FM,11.499860087981233,11.476547740512194,11.447470458440437,11.419144070459465,11.401116000451829,11.406322559138141,11.446297320367407
10,5%,two-sample floor,2.7326733776693803,2.7326733776693803,2.7326733776693803,2.7326733776693803,2.7326733776693803,2.7326733776693803,2.7326733776693803
10,35%,"FFM (ours), deterministic",6.746248096619083,7.336558046572562,8.452543472920377,9.451460680089474,10.207269586246234,10.825062614320773,11.369253114781822
10,35%,"FFM (ours), with noise",6.65667958505658,7.333096729841945,8.493099455769364,9.361315615382678,10.141407405644868,10.751713231490868,11.31057356443418
10,35%,OT-CFM,12.421470188240313,12.125433522204242,11.892375640850624,11.726064078276226,11.629542731104863,11.604341260876014,11.650872582912669
10,35%,MFM / LAND,10.7983198518773,10.576576278697747,10.372934331214246,10.185039957981294,10.012159519775906,9.852392672994272,9.702323575407766
10,35%,Curly-FM,11.471800500547227,11.483821612061822,11.487598258636666,11.487750846298566,11.493395469784245,11.513770539961504,11.557716990522367
10,35%,two-sample floor,2.710885156781722,2.710885156781722,2.710885156781722,2.710885156781722,2.710885156781722,2.710885156781722,2.710885156781722
20,0%,"FFM (ours), deterministic",11.367836737108282,10.956606796132633,10.634293964745204,10.420818579694986,10.349199618192081,10.451929742730373,10.724303063558452
20,0%,"FFM (ours), with noise",11.304068881062946,10.889098136838877,10.567495763152749,10.367917326891126,10.33271632890383,10.50289777509895,10.850631173895676
20,0%,OT-CFM,12.925891591701662,12.661854617716648,12.46189728879992,12.32907778169732,12.266571081858439,12.276087956893713,12.356903538024374
20,0%,MFM / LAND,12.708467938843334,12.44719943686484,12.22355560184385,12.036753708237827,11.887488671099183,11.776710974945738,11.70638655156531
20,0%,Curly-FM,12.706977061217998,12.461539534010777,12.295332887229454,12.20666077876669,12.190550442986982,12.241325221046372,12.355454338577289
20,0%,two-sample floor,4.123766650687236,4.123766650687236,4.123766650687236,4.123766650687236,4.123766650687236,4.123766650687236,4.123766650687236
20,5%,"FFM (ours), deterministic",10.537526909324137,9.77977411038384,8.997941942868211,8.274213076492964,7.9032070717557845,8.184493768174217,8.968259774171434
20,5%,"FFM (ours), with noise",10.584647461341682,9.86634221422211,9.150176015611526,8.486034079829862,8.035291234962164,8.099046759208148,8.703932067119133
20,5%,OT-CFM,12.89726198986971,12.641655209053843,12.450153267123047,12.326360492483934,12.272434873158288,12.28970268945888,12.378046582954354
20,5%,MFM / LAND,12.50096845284429,12.256343518828983,12.048773128833146,11.878412170133899,11.745771644781128,11.652901640581112,11.601304901277055
20,5%,Curly-FM,12.686702569720298,12.450758530730027,12.294347403662902,12.216282959230691,12.212395151081864,12.277246086157659,12.405138258883602
20,5%,two-sample floor,4.162418408977282,4.162418408977282,4.162418408977282,4.162418408977282,4.162418408977282,4.162418408977282,4.162418408977282
20,35%,"FFM (ours), deterministic",10.678104322115141,9.827362237153043,8.945197342290072,8.19893024251561,7.932625310382423,8.260350077776364,8.970598774642376
20,35%,"FFM (ours), with noise",10.811940543917153,9.984951066598812,9.10413136784456,8.251318549205957,7.732156457071799,7.832425953644498,8.428851068486338
20,35%,OT-CFM,12.990328628202782,12.712264431914477,12.497086312656814,12.349094945544243,12.27118096369197,12.26429900083363,12.329294392467864
20,35%,MFM / LAND,12.506242019860402,12.209764876890082,11.94959668993809,11.72472479480416,11.536869777077333,11.38679970935799,11.276494847933945
20,35%,Curly-FM,12.767860760338182,12.513282172552309,12.339236079526335,12.24312928868184,12.220982077618336,12.268572236546026,12.380006412834135
20,35%,two-sample floor,4.135226254112751,4.135226254112751,4.135226254112751,4.135226254112751,4.135226254112751,4.135226254112751,4.135226254112751
50,0%,"FFM (ours), deterministic",13.084073118195377,12.817886488078997,12.63245253860841,12.533375162421406,12.5257876094471,12.612782791831387,12.7940407581607
50,0%,"FFM (ours), with noise",13.104196753227567,12.838720856320696,12.654224840343568,12.55124153328083,12.535685856476713,12.610974337284176,12.773691057516734
50,0%,OT-CFM,14.00346699407254,13.781016164574035,13.61868084935107,13.519647429940763,13.486478326790449,13.519473332919475,13.619105249391382
50,0%,MFM / LAND,13.720681912655634,13.425731967538681,13.17806573428789,12.97972072161499,12.831712207685575,12.73455714790139,12.690850569661364
50,0%,Curly-FM,13.693192186495247,13.48389922629041,13.345941167209453,13.273154996427069,13.261175373135359,13.307186683762744,13.409208274785009
50,0%,two-sample floor,6.7221897159091695,6.7221897159091695,6.7221897159091695,6.7221897159091695,6.7221897159091695,6.7221897159091695,6.7221897159091695
50,5%,"FFM (ours), deterministic",12.768384165656315,12.475626958105272,12.272812782696596,12.167496514108231,12.166375542883202,12.27410886078537,12.489603988178386
50,5%,"FFM (ours), with noise",12.766011350297974,12.468302564434268,12.259995288859999,12.142371041993783,12.126191404475405,12.213342793082882,12.402832068858652
50,5%,OT-CFM,13.976686222570194,13.760493773602285,13.604829207190752,13.51276638368037,13.486236124989517,13.526606992615127,13.633472510773666
50,5%,MFM / LAND,13.694542919690113,13.419307999627756,13.195804677843533,13.025529524675733,12.908947403995,12.84664779724624,12.839965112586967
50,5%,Curly-FM,13.691055409000192,13.489841026141514,13.358898829742387,13.294482619942714,13.291710199189003,13.347168208756765,13.459326681713874
50,5%,two-sample floor,6.742175621019403,6.742175621019403,6.742175621019403,6.742175621019403,6.742175621019403,6.742175621019403,6.742175621019403
50,35%,"FFM (ours), deterministic",12.101997419717149,11.740385851586815,11.497368452961352,11.381261041306084,11.395887161989732,11.539832107095753,11.806264669173252
50,35%,"FFM (ours), with noise",12.1115256452574,11.74612836816443,11.501864964029322,11.382654539049552,11.39605552107927,11.540244869268212,11.808991677152003
50,35%,OT-CFM,14.069340866455482,13.83369876384136,13.65772630706053,13.54432001057328,13.496194643341076,13.514977440733583,13.600559603993249
50,35%,MFM / LAND,13.87287677136991,13.585282910586736,13.345489736656083,13.154861326091554,13.01479234852961,12.925876313708725,12.89018667661418
50,35%,Curly-FM,13.778527749048822,13.554764302687184,13.40374807180264,13.320865875795107,13.300966743743865,13.340195159633149,13.437317602904008
50,35%,two-sample floor,6.7049083538379115,6.7049083538379115,6.7049083538379115,6.7049083538379115,6.7049083538379115,6.7049083538379115,6.7049083538379115
