d,1e-7 perturbation,seeds,mid W2,seed sd,seed sd n,chaos %,within / seed sd,rerun |dW2|
2,FFM (shipped),3.0,1.6692268240324735,0.21456504561953643,32.0,8.671778289430662,0.6295347504775027,0.0
2,"FFM, default point",3.0,1.5004753775311042,0.10890485915015269,20.0,13.120842481614261,1.7145923220320867,
2,"FFM, one-form off",3.0,1.8244946266223423,0.08681644063854073,20.0,3.2963105125472545,0.6760707636362902,
2,"FFM, no grad clip",3.0,1.374906351229817,0.1796419419075991,20.0,13.383167545337635,1.0168520205507166,
2,"FFM, graph-denoised moments",3.0,0.9854032964302867,0.09157519621011602,20.0,7.489768209856643,0.865348316812629,
2,"FFM, n_eff = 100 window",3.0,2.322496289297401,0.18316137459037277,3.0,4.6751304208970215,0.5880431602466972,
2,"FFM, off-support barrier",3.0,1.2724269578955887,0.37981233282676813,20.0,13.71991219187271,0.47119301528768276,
2,MFM / LAND,3.0,1.4773304742146465,0.03402450216931111,20.0,0.9132789102309737,0.3948968781874412,
2,"FFM, log-Euclidean mean",3.0,1.3106780843261332,0.29739868198919067,20.0,19.37618060364388,0.862775528643831,
2,"FFM, SVR extension",3.0,1.543639206489149,0.07972224702821457,20.0,3.0158794968090916,0.5891507290219226,
2,"FFM, MLP extension",3.0,2.1997441923494874,0.08080394276703426,20.0,4.616791792543736,1.2017407013701915,
2,"FFM, MLP + input noise",3.0,1.25903938500902,0.14389477608305776,20.0,11.812005705556446,1.0027648695178455,
2,"FFM, learned barrier",3.0,1.3040258026045939,0.16399645197232032,20.0,13.514913166723028,1.1554871764347536,
10,FFM (shipped),3.0,10.501893982316146,0.5254292688264033,3.0,3.3375089050460547,0.6730071595836629,
10,"FFM, default point",3.0,11.281406868876227,0.5690647084949462,3.0,1.9300181022983345,0.37923112416805504,
10,"FFM, one-form off",3.0,10.618844850875279,0.04852174995743449,3.0,0.4816183294885797,1.056743482630348,
10,"FFM, no grad clip",3.0,10.611753206574443,0.32913955908846393,3.0,2.649109343651158,0.8506058387479734,
10,"FFM, graph-denoised moments",3.0,10.62508718921187,0.34347585413954024,3.0,1.1592689390582562,0.3589532586043432,
10,"FFM, n_eff = 100 window",3.0,12.949123101407297,0.23347033762528646,3.0,1.5976428453849887,0.886785001843707,
10,"FFM, off-support barrier",3.0,11.598583848338201,0.09642311277702115,3.0,2.2103287290759366,2.6433032087362225,
10,MFM / LAND,3.0,11.61016722540584,0.14366700330005372,3.0,0.8405812385538242,0.6746233471881937,
20,FFM (shipped),3.0,10.431943649268161,0.10975370651667304,3.0,0.18128045760103612,0.1724071304849526,
50,FFM (shipped),3.0,12.578410312886867,0.028802375165317133,3.0,0.21594828197349664,0.941786532005585,
