d,arm,0%,5%,35%,0% sd,5% sd,35% sd,0% / OT-CFM,5% / OT-CFM,35% / OT-CFM
2,"FFM (ours), deterministic",1.3833348172992028,1.331289514439104,1.092690084919585,0.14102359392229982,0.06265452562310529,0.24769630950174854,0.7856881469926695,0.7554535393434363,0.6185388679483393
2,"FFM (ours), with noise",1.3722970024692422,1.3525359361140588,1.101318154036056,0.15045402970902214,0.041960792514413314,0.2610768978383702,0.779419035442704,0.7675100336511302,0.6234229573873632
2,OT-CFM,1.760666522199818,1.7622387679805247,1.7665665676661197,0.0262121590628465,0.03919083786117721,0.02968645155741666,1.0,1.0,1.0
2,MFM / LAND,1.4506418429096044,1.241235914097711,0.6878039865217995,0.0024538276695265757,0.5283227287372405,0.03779426154011022,0.8239162979580815,0.7043517238700473,0.3893450714571624
2,Curly-FM,0.9751331216681364,0.9360466709220171,1.5865335125425297,0.1704135813362413,0.10451379808611035,0.1368833305626969,0.5538431664218743,0.531169037890762,0.898088722826087
2,two-sample floor,0.10717320348668308,0.11128722133183036,0.10613851061997046,,,,,,
10,"FFM (ours), deterministic",10.49241572362815,9.278358613774211,9.451460680089474,0.37762037547694344,0.08995852448996683,0.16251169956242845,0.8971075031044113,0.7933318550801798,0.8060215786812307
10,"FFM (ours), with noise",10.362836289244001,9.836671699311205,9.361315615382678,0.5461885000598449,0.4220894132835834,0.2286340916508221,0.886028387875278,0.8410695611014856,0.7983339979120109
10,OT-CFM,11.695828746632356,11.69543180997878,11.726064078276226,0.1299856398706901,0.1176578171745223,0.07214566831360397,1.0,1.0,1.0
10,MFM / LAND,11.523312695367744,10.25997935564037,10.185039957981294,0.05167826720807386,0.8106202261542714,0.14997270491831108,0.9852497796435088,0.8772638344901765,0.8685812980376049
10,Curly-FM,11.5671395288056,11.419144070459465,11.487750846298566,0.3252363191685228,0.15330143266517784,0.45511477188967786,0.9889969987920855,0.9763764396211878,0.979676622062883
10,two-sample floor,2.696486866550643,2.7326733776693803,2.710885156781722,,,,,,
20,"FFM (ours), deterministic",10.420818579694986,8.274213076492964,8.19893024251561,0.10281202145379464,0.35399446641414356,0.04810597673027994,0.8452228758881568,0.671261649498099,0.663929646558748
20,"FFM (ours), with noise",10.367917326891126,8.486034079829862,8.251318549205957,0.06406921206218864,0.3097620311408412,0.21599975997984547,0.8409321046122717,0.6884460409059323,0.6681719256019785
20,OT-CFM,12.32907778169732,12.326360492483934,12.349094945544243,0.06849363264753695,0.04447832765962343,0.08496687810676741,1.0,1.0,1.0
20,MFM / LAND,12.036753708237827,11.878412170133899,11.72472479480416,0.06961328225854407,0.033762146563819824,0.1739072044477393,0.9762898670415193,0.963659319989613,0.9494400072642274
20,Curly-FM,12.20666077876669,12.216282959230691,12.24312928868184,0.08437859005943613,0.10977778701699104,0.06649104743261602,0.9900708710660938,0.9910697457436554,0.9914191560329175
20,two-sample floor,4.123766650687236,4.162418408977282,4.135226254112751,,,,,,
50,"FFM (ours), deterministic",12.533375162421406,12.167496514108231,11.381261041306084,0.06764023959996335,0.18886053935399144,0.09452282416465979,0.9270489653942345,0.9004445254676461,0.8402977065235746
50,"FFM (ours), with noise",12.55124153328083,12.142371041993783,11.382654539049552,0.05317438334693071,0.012289896307599347,0.15341494874607142,0.9283704769907468,0.8985851377300772,0.8404005908132531
50,OT-CFM,13.519647429940763,13.51276638368037,13.54432001057328,0.056377197848243785,0.061739702111045014,0.10522250417406974,1.0,1.0,1.0
50,MFM / LAND,12.97972072161499,13.025529524675733,13.154861326091554,0.10683506081385866,0.1076872701298794,0.06525295248645188,0.9600635511300357,0.9639424788995773,0.9712456081827883
50,Curly-FM,13.273154996427069,13.294482619942714,13.320865875795107,0.18448196480588638,0.3272137833308015,0.17918394800998733,0.9817678356783321,0.9838461083733911,0.9835020041904108
50,two-sample floor,6.7221897159091695,6.742175621019403,6.7049083538379115,,,,,,
