d,support,n_eff data,n_eff chord,n_eff scored,void chord,void scored,cost void / data,cost scored / data,max |beta|
2,FFM (shipped),5.784984827041626,1.241089642047882,1.0,0.607666015625,0.8075539568345323,0.26342718028207557,0.32047895414925454,0.9966080784797668
2,"FFM, off-support barrier",5.784984827041626,1.241089642047882,1.0,0.607666015625,0.8075539568345323,7.902709511509508,7.58536377005658,0.9966081380844116
2,"FFM, default point",5.784984827041626,1.241089642047882,1.0,0.607666015625,0.8075539568345323,0.37365620345003936,0.47429686536760896,0.9822604060173035
2,"FFM, graph-denoised moments",5.784984827041626,1.241089642047882,1.0,0.607666015625,0.8075539568345323,0.3178808560044779,0.38770136552169004,0.9960010051727295
2,"FFM, n_eff = 100 window",99.99999237060547,99.99999237060547,100.0,0.607666015625,0.8075539568345323,0.5808396749216346,0.6351784417750868,0.9956915378570557
2,"FFM, global window, n_eff 100",100.134521484375,24.675034523010254,2.686073422431946,0.607666015625,0.8075539568345323,0.7516492278678839,0.44371681216111075,0.9960747957229614
10,FFM (shipped),190.2633056640625,148.5968475341797,13.571130275726318,0.0,0.11600719424460432,,1.0540369884159824,0.9812684655189514
10,"FFM, off-support barrier",190.2633056640625,148.5968475341797,13.571130275726318,0.0,0.11600719424460432,,19.327659717505846,0.9812655448913574
10,"FFM, default point",190.2633056640625,148.5968475341797,13.571130275726318,0.0,0.11600719424460432,,1.1265150112669615,0.9886693954467773
10,"FFM, graph-denoised moments",190.2633056640625,148.5968475341797,13.571130275726318,0.0,0.11600719424460432,,0.9138327802641525,0.9729568958282471
10,"FFM, n_eff = 100 window",100.0,100.0,99.99999237060547,0.0,0.11600719424460432,,0.6426933800706452,0.9754148125648499
10,"FFM, global window, n_eff 100",100.00107192993164,46.73822021484375,6.5154619216918945,0.0,0.11600719424460432,,1.825324679992582,0.9822092652320862
20,FFM (shipped),538.3321838378906,766.5667724609375,203.20563507080078,0.0,0.0,,0.902698432476074,0.8367226719856262
20,"FFM, off-support barrier",538.3321838378906,766.5667724609375,203.20563507080078,0.0,0.0,,1.3011834288016932,0.8367226719856262
20,"FFM, default point",538.3321838378906,766.5667724609375,203.20563507080078,0.0,0.0,,1.1631781432394732,0.9862626194953918
20,"FFM, graph-denoised moments",538.3321838378906,766.5667724609375,203.20563507080078,0.0,0.0,,0.9008376127055816,0.8271554708480835
20,"FFM, n_eff = 100 window",100.0,99.99999237060547,99.99999237060547,0.0,0.0,,0.7584206128051686,0.865748941898346
20,"FFM, global window, n_eff 100",100.03781509399414,123.90560913085938,13.07154369354248,0.0,0.0,,1.3278049747652894,0.908803403377533
50,FFM (shipped),1152.7176513671875,1534.9269409179688,1383.4588012695312,0.0,0.0,,0.9981769408560419,0.999977171421051
50,"FFM, off-support barrier",1152.7176513671875,1534.9269409179688,1383.4588012695312,0.0,0.0,,0.9981769408560419,0.999977171421051
50,"FFM, default point",1152.7176513671875,1534.9269409179688,1383.4588012695312,0.0,0.0,,1.0901234485657982,0.9832526445388794
50,"FFM, graph-denoised moments",1152.7176513671875,1534.9269409179688,1383.4588012695312,0.0,0.0,,0.9619296205380127,0.9999725818634033
50,"FFM, n_eff = 100 window",99.99999237060547,100.0,100.0,0.0,0.0,,0.9155676847708689,0.9999850988388062
50,"FFM, global window, n_eff 100",100.0121841430664,262.5160827636719,34.08589553833008,0.0,0.0,,1.192419317398845,1.0000070333480835
