d,seeds 0-2,n,mid W2,pop sd,vs FFM %,end W2,window W2,bend,F-length / chord
2,FFM (shipped),3.0,1.6692268240324735,0.015358262700429472,0.0,0.32830511964195236,1.639329368168605,0.3152715960646946,0.8676534232848172
2,"FFM, default point",3.0,1.5004753775311042,0.10477030103036727,-10.109557555138258,0.2850008629067047,1.53820149583306,0.25110392502788664,0.869793635333339
2,"FFM, one-form off",3.0,1.8244946266223423,0.09970442632395925,9.301779743436965,0.20296092492413845,1.855276966983296,0.07096450744776321,1.012199204224051
2,"FFM, no grad clip",3.0,1.374906351229817,0.2150806679057043,-17.63214373057132,0.21578566349865524,1.4008008086669488,0.3242780466501682,0.8752508747553439
2,"FFM, graph-denoised moments",3.0,0.9854032964302867,0.04569897966479825,-40.96648326979459,0.4041902559871791,1.0264425317920962,0.5236379630104772,0.9394726368259844
2,"FFM, n_eff = 100 window",3.0,2.322496289297401,0.14955063611106184,39.136051245976056,1.149860720144316,2.3012670021618216,0.975151053589619,1.9234804485472747
2,"FFM, global window, n_eff 100",3.0,0.9954688438166137,0.11203747182646955,-40.36347670163922,1.7753746730794742,1.1060520532808678,0.5349738503611452,1.2652702873061956
2,"FFM, off-support barrier",3.0,1.2724269578955887,0.24777168252631582,-23.771476735456854,0.2714016053670872,1.311210890635046,0.24321678781845044,1.0071782496490507
2,"FFM coupling, straight paths",3.0,1.8127367278785844,0.009875119104995693,8.597387831296862,0.1761652156649378,1.8280053622558992,0.05494936204368958,1.0431245941880611
2,"FFM, default point, uniform kNN P",3.0,1.9059245898215138,0.07188290262252628,14.180083999443061,0.20941673795726143,1.902723245713488,0.07198856877520333,1.0342621293443026
2,"FFM, log-Euclidean mean",3.0,1.3106780843261332,0.33477224816314416,-21.479929183031448,0.3650693715837061,1.3858365801070551,0.5467891539399702,1.1728195799874481
2,"FFM, SVR extension",3.0,1.543639206489149,0.03902999397783513,-7.523699939109124,0.3698101687487953,1.477415144208739,0.6722877951301327,0.9298867738464685
2,"FFM, MLP extension",3.0,2.1997441923494874,0.05432391821795667,31.7822216057734,0.5690329631868463,2.277585320060983,0.4997650954161961,1.43769952957806
2,"FFM, MLP + input noise",3.0,1.25903938500902,0.09370931715100671,-24.573499126531743,0.6620298197498956,1.4763522358379746,0.7107940216729709,1.8114837632917646
2,"FFM, learned barrier",3.0,1.3040258026045939,0.0741208618835676,-21.87845391470745,0.25684345353103,1.3318874176749251,0.3092395592128731,1.1798579763654846
2,OT-CFM,3.0,1.8061629238942398,0.019696879931103556,8.203564541993149,0.17395666359804043,1.8213609725950695,0.01767155583959729,1.0125518051784557
2,MFM / LAND,3.0,1.4773304742146465,0.006406878754992972,-11.496121860434098,0.3549970096060058,1.4751756866164278,0.26592533738508445,1.3518132043534796
2,Curly-FM,3.0,0.9772538947286536,0.13112817297893298,-41.45469742884733,0.2581060013476594,0.9729834224631846,0.511776159866293,1.0972751654180357
2,"MFM / LAND, untuned",3.0,1.4584851084185975,0.016052352235893914,-12.625109576466775,0.41566402930558427,1.4569016320807684,0.24493055337844508,1.3083664623739906
2,"Curly-FM, untuned (alpha 0.01)",3.0,1.38355211681239,0.29215395248918863,-17.1141934162044,0.6306731095864938,1.4232246184415225,1.3741697136846822,1.9559917101675648
2,sampling floor,,0.11126926343427182,,,0.1021935901275601,,,
10,FFM (shipped),3.0,10.501893982316146,0.42901120151611327,0.0,3.8539335798019594,10.842658620889374,0.28937190357367637,0.5949084080296491
10,"FFM, default point",3.0,11.281406868876227,0.4646393888127567,7.422593370992713,4.273827303083774,11.398606763101776,0.29484688724813213,0.5915587472943394
10,"FFM, one-form off",3.0,10.618844850875279,0.039617842940875295,1.1136169223957466,3.6276551118387697,11.189736476531543,0.21475617445657555,0.7006703525637225
10,"FFM, no grad clip",3.0,10.611753206574443,0.26874132464379,1.0460896333869527,4.383468269475483,10.897873780741962,0.3038083053910559,0.5933749623242647
10,"FFM, graph-denoised moments",3.0,10.62508718921187,0.28044686053616497,1.17305704193135,3.699257481399965,10.707053225201747,0.29903471369209256,0.710202536553406
10,"FFM, n_eff = 100 window",3.0,12.949123101407297,0.19062773241908823,23.302740660036882,4.78004848062217,12.904747772030298,0.26462941437654225,0.6850554953602925
10,"FFM, global window, n_eff 100",3.0,9.992141722123598,0.11376382198884458,-4.853907886052794,5.402379354113009,10.591811268153862,0.3279240733071788,0.6060905258282617
10,"FFM, off-support barrier",3.0,11.598583848338201,0.0787291419048463,10.442781729359881,4.702815108121527,11.992172361299842,0.2979410816883286,0.7630700894710568
10,"FFM coupling, straight paths",3.0,11.887645727294393,0.09506870442563146,13.195255515925766,3.320814812757126,12.048747098004762,0.030779026490553335,0.9774108326497662
10,"FFM, default point, uniform kNN P",3.0,14.385310341423766,0.2396919456309502,36.97824759654592,4.455217180506573,14.321394801482173,0.2525289453746444,1.090786689736962
10,"FFM, log-Euclidean mean",3.0,11.139090779765354,0.23177297658738216,6.067446486530589,4.431340525620365,11.04200957979568,0.3497504319709348,0.610524633818683
10,"FFM, SVR extension",3.0,9.573520162002787,0.2743533211154723,-8.840060867845578,6.6884760124978655,10.88156076255757,0.7338593270391393,1.9663533243143851
10,"FFM, MLP extension",3.0,13.604572022074068,0.13422645434810748,29.543985541869283,4.285683714703347,13.828953922224436,0.4137598182180519,1.8508999952549887
10,"FFM, MLP + input noise",3.0,10.93280918190426,0.09166360862122584,4.103214147026433,4.447734209900908,11.314445478229198,0.28998672608047826,0.7863448487556641
10,"FFM, learned barrier",3.0,10.887530623125896,0.08609385445996431,3.6720675476167735,3.702680704248474,11.03058376782144,0.26302420885227545,0.6700714270432432
10,OT-CFM,3.0,11.756318575153557,0.05962921265470403,11.944746299569418,3.2671887572895564,11.917805247042947,0.028065969338516652,0.9761228704118056
10,MFM / LAND,3.0,11.61016722540584,0.1173036169866262,10.55307971072538,9.2399962425646,11.660212947423647,0.3326446838295405,0.9830391132505513
10,Curly-FM,3.0,11.865474926018507,0.3552608236175786,12.984143107885666,4.694231692267015,11.901702230002236,0.3455078770274887,1.1091183998610423
10,"MFM / LAND, untuned",3.0,11.18858053698177,0.09611020094486819,6.5386925046274165,13.753942443591903,11.222486252978378,0.31923560762940134,0.9426828735095807
10,"Curly-FM, untuned (alpha 0.01)",3.0,14.892704880180943,1.3321839233310857,41.809705042332034,16.803442077327134,15.098477569571706,0.6150738755169675,1.9676700526923383
10,sampling floor,,2.7502722349637825,,,2.7631497687420525,,,
20,FFM (shipped),3.0,10.431943649268161,0.08961352611500863,0.0,5.379333991925232,10.744341927043175,0.2733609109770463,0.7942397525033241
20,"FFM, default point",3.0,11.267308251867357,0.14977734020961692,8.007756087311682,5.469935032534504,11.49426207472729,0.36841734049941577,0.8750945461563934
20,"FFM, one-form off",3.0,11.23476274053327,0.05082114982651637,7.695776724421142,5.3050996155749575,11.538634836216717,0.22813170372053504,0.8461890716607022
20,"FFM, no grad clip",3.0,10.421991675267094,0.04403010592494667,-0.09539903910203316,5.188525880652914,10.744459059077498,0.2749348282373935,0.7879659774073184
20,"FFM, graph-denoised moments",3.0,10.387828453325694,0.035516469830921285,-0.4228856809973481,5.140985041890793,10.659017419535564,0.28530443701995706,0.791873195125835
20,"FFM, n_eff = 100 window",3.0,11.656317324943773,0.09664718569586642,11.736774246873022,5.645235970552588,11.765934827423747,0.3010311449707071,0.8859348652009547
20,"FFM, global window, n_eff 100",3.0,10.434574904799547,0.09295472830723721,0.025223061203652367,5.487579430978748,10.976244540141307,0.2957762602760565,0.8665875765016668
20,"FFM, off-support barrier",3.0,10.431943649268161,0.08961352611500863,0.0,5.379333991925232,10.744341927043175,0.2733609109770463,0.7942397525033241
20,"FFM coupling, straight paths",3.0,12.393055403143206,0.017923134932109144,18.799102255624472,5.282925791178185,12.554277662165667,0.03677103057730283,0.989705340736943
20,"FFM, default point, uniform kNN P",3.0,14.654244094794683,0.46564004221060934,40.47472443759539,5.685273351021646,14.68754456889571,0.3132114947407234,1.2708172509252178
20,OT-CFM,3.0,12.348398839517332,0.04845151516616161,18.371027055764593,5.226239787478381,12.50959735416685,0.03594000670471936,0.9890055764037472
20,MFM / LAND,3.0,12.051572968254638,0.059238909957261936,15.5256716623474,7.820847826697277,12.138421260594262,0.20622574670122507,1.0124349678121334
20,Curly-FM,3.0,12.296233482622425,0.04142171975810262,17.87097300401014,4.856188224836764,12.46010808937786,0.08306628403168344,0.9590228052882592
20,"MFM / LAND, untuned",3.0,12.014668091015613,0.15246722082941225,15.171903673564088,9.987677091185313,12.088333439795205,0.2858019953462924,1.0617525955470883
20,"Curly-FM, untuned (alpha 0.01)",3.0,1974.6043071545228,2753.7386916399328,18828.441080038316,23858912.94620976,8962.220406103139,0.9953134886866913,2.621333851666829
20,sampling floor,,4.178140142737131,,,4.448291567717435,,,
50,FFM (shipped),3.0,12.578410312886867,0.023517040845079086,0.0,7.797531355239145,12.77752304804389,0.213050082015935,0.8986677159374716
50,"FFM, default point",3.0,13.203578994301274,0.08505551721883728,4.970172429292663,7.867521220152413,13.367138989288145,0.24385010656767123,0.9396093197012597
50,"FFM, one-form off",3.0,12.761244056499264,0.04788969790014752,1.453552071083893,8.062114944787538,12.95606961266615,0.16167354354109587,0.947044846547301
50,"FFM, no grad clip",3.0,12.55098598980318,0.050763511875678693,-0.21802693982393848,7.8116926522717405,12.749616748834598,0.2104077364256005,0.9017387331891271
50,"FFM, graph-denoised moments",3.0,12.525110116334487,0.04743047341470416,-0.42374350356318535,8.32005481837482,12.71431770960701,0.22088421463614383,0.9045165144444506
50,"FFM, n_eff = 100 window",3.0,13.163015771023742,0.08813151065306114,4.647689521925789,8.123165755225877,13.128898871047875,0.32049781354143736,1.1122855707127581
50,"FFM, global window, n_eff 100",3.0,12.33500960159786,0.11823296001980851,-1.9350673513936512,7.493618216445127,12.934268387393557,0.3276673535422776,1.0413353218356403
50,"FFM, off-support barrier",3.0,12.578410312886867,0.023517040845079086,0.0,7.797531355239145,12.77752304804389,0.213050082015935,0.8986677159374716
50,"FFM coupling, straight paths",3.0,13.508847703278397,0.06590889848514721,7.397098419013061,8.040223838356248,13.661877106038913,0.04605945392855693,0.9967433814277046
50,"FFM, default point, uniform kNN P",3.0,13.999955113370868,0.10181281538208338,11.3014662832838,7.589730440354256,14.121574793397302,0.1879307175682252,0.9904402629790398
50,OT-CFM,3.0,13.514472076947202,0.046599038833840895,7.441812922109234,8.125192943150436,13.66534489888354,0.04454085976104255,0.9974365819217464
50,MFM / LAND,3.0,13.013454426724143,0.017731401535335273,3.4586573582479208,8.36983045104128,13.131647498123455,0.18607675990970585,1.066457881317817
50,Curly-FM,3.0,13.338086649456338,0.1482282367535166,6.0395258039178925,7.293065248758947,13.476829930785089,0.12369263618174414,0.9989686858100444
50,"MFM / LAND, untuned",3.0,13.14779157044453,0.0977841145288758,4.526655144762769,8.294080897311124,13.28674221192474,0.12326497393648783,1.02523853869919
50,"Curly-FM, untuned (alpha 0.01)",3.0,26.698472358592195,5.156536516612603,112.25633203616363,14.967291614535277,26.879026715021293,1.9117644988142588,5.134389043149923
50,sampling floor,,6.752933933407095,,,7.027507956877658,,,
