d,"band shown, one scored half",0%,5%,10%,20%,35%,45%,0% pop sd,5% pop sd,10% pop sd,20% pop sd,35% pop sd,45% pop sd,5% vs 0%,10% vs 0%,20% vs 0%,35% vs 0%,45% vs 0%
2,FFM (shipped),1.6748145357617272,1.2994228508777044,1.2704722426457717,1.442658569807825,1.5279841209050498,1.5462969461151908,0.01745062108696085,0.17211897698703493,0.12710173680280945,0.42348074942739455,0.0867382545085892,0.0009799128180627927,-22.41392565376141,-24.142511572605585,-13.861592492586935,-8.766965638371243,-7.67354157146033
2,OT-CFM,1.8046114111934841,1.8046114111934841,1.8046114111934841,1.8046114111934841,1.8046114111934841,1.8046114111934841,0.01997170208169712,0.01997170208169712,0.01997170208169712,0.01997170208169712,0.01997170208169712,0.01997170208169712,0.0,0.0,0.0,0.0,0.0
2,MFM / LAND,1.4831635247160706,0.990335335964906,0.6378075099378783,1.003494515860064,0.6256320549101516,0.6049294648062027,0.006697745777124681,0.44676261013307217,0.0270173839220373,0.030762953602991937,0.022708713501217514,0.011021090966736846,-33.22817616118959,-56.99681799685729,-32.340938869018636,-57.81772916577627,-59.21356919008594
2,Curly-FM,0.9891917505029983,1.3960807602567085,1.631798944116665,1.4144325799256474,1.452306503343764,1.4833905364616455,0.13251840979118681,0.03118051942720463,0.02589338376595138,0.11961982395882799,0.15644790090434,0.03638165856444356,41.13348191054054,64.96285409647871,42.98871570718382,46.81749040115575,49.959857197287576
2,"FFM, learned barrier",1.3116866996147925,1.3275169501504338,1.3212275071508246,1.2626746586910496,1.5125473123813118,0.8444059689416453,0.0742944782109355,0.20705656065520667,0.05286285772351432,0.30853505005288484,0.0813938701808423,0.06904546392518886,1.2068621676418827,0.7273693892630023,-3.7365661280347227,15.31315464474152,-35.62441631910845
2,sampling floor,0.1233757906030063,0.1233757906030063,0.1233757906030063,0.1233757906030063,0.1233757906030063,0.1233757906030063,,,,,,,,,,,
10,FFM (shipped),10.466164099038545,9.673377733425076,9.299428149514455,9.606369405058409,9.394986960642727,9.386948574780385,0.3441101473766406,0.23185819562490145,0.0875279920213799,0.28225132192956903,0.36464985433136443,0.04802845963327727,-7.574755737742517,-11.147694021262962,-8.214993438323022,-10.234667909460923,-10.311471462188331
10,OT-CFM,11.703227507627531,11.703227507627531,11.703227507627531,11.703227507627531,11.703227507627531,11.703227507627531,0.060316912135280835,0.060316912135280835,0.060316912135280835,0.060316912135280835,0.060316912135280835,0.060316912135280835,0.0,0.0,0.0,0.0,0.0
10,"FFM, learned barrier",10.79437087101617,9.166124368339295,9.10582138040388,8.965956431608106,8.78288121342009,9.203285388329569,0.13212808626931927,0.4440467047387848,0.5575540622636526,0.2806971638114908,0.28092725769888427,0.4520631404339206,-15.08421863703849,-15.642870814696513,-16.93859198702832,-18.634616890893618,-14.739955683372017
10,sampling floor,2.912270967914118,2.912270967914118,2.912270967914118,2.912270967914118,2.912270967914118,2.912270967914118,,,,,,,,,,,
20,FFM (shipped),10.439611447600958,8.568257627399417,8.11309129948746,8.339169104052297,8.43243686529866,8.386355027865939,0.0886637465912904,0.1729907919325064,0.07653626679243102,0.06745293439456657,0.17177546633660612,0.12552323025618398,-17.925512166753887,-22.2855051626288,-20.119928352614565,-19.226525741660147,-19.667939080308027
20,OT-CFM,12.324278579838579,12.324278579838579,12.324278579838579,12.324278579838579,12.324278579838579,12.324278579838579,0.04936010451431582,0.04936010451431582,0.04936010451431582,0.04936010451431582,0.04936010451431582,0.04936010451431582,0.0,0.0,0.0,0.0,0.0
20,MFM / LAND,12.058365915156962,11.072057287236559,11.633379222306994,11.796000988845284,11.96000030288296,11.858136349390149,0.06200404681040138,0.07403498991428355,0.19301960038518626,0.0979953412679108,0.05379606525480753,0.041490734540082744,-8.179455117385732,-3.5244136381346176,-2.175791713053706,-0.8157457898201551,-1.6605033150895787
20,Curly-FM,12.244385296705445,12.271698357071879,12.203501186101642,12.237391761612647,12.25133059312143,12.177585584941077,0.04290277931244804,0.01623356314640919,0.03204332883148837,0.060429373389561065,0.11424634065135536,0.0857834350987857,0.22306599886057274,-0.33390088283814573,-0.05711626123591377,0.056722295547607576,-0.5455538203485112
20,sampling floor,4.333303935100053,4.333303935100053,4.333303935100053,4.333303935100053,4.333303935100053,4.333303935100053,,,,,,,,,,,
50,FFM (shipped),12.559961317552236,12.012797768281798,11.848041401676063,11.659738354796024,11.52414230047927,11.35446914184881,0.011397390245572545,0.045699389923357404,0.048591934928940074,0.04061123845232677,0.112713190225682,0.1826091865164344,-4.356411102204516,-5.668169653367344,-7.167402350978362,-8.24699209563198,-9.597897200676732
50,OT-CFM,13.494056512446178,13.494056512446178,13.494056512446178,13.494056512446178,13.494056512446178,13.494056512446178,0.047948393120070355,0.047948393120070355,0.047948393120070355,0.047948393120070355,0.047948393120070355,0.047948393120070355,0.0,0.0,0.0,0.0,0.0
50,MFM / LAND,12.914678704168383,13.028251665353295,12.983926151805797,13.057806578399655,12.629717270880812,13.03185133193825,0.03294731367670237,0.08718695434965344,0.04869025031878988,0.11455507453821856,0.08888663588706124,0.03691111604613106,0.8794098853443051,0.5361917955811286,1.1082573365536041,-2.2064926260658364,0.9072825616021646
50,Curly-FM,13.293166551925433,13.337300083277379,13.305986402261178,13.257748783026798,13.352054698118565,13.298057639462892,0.147069016228273,0.11024265961854601,0.16050832664240325,0.13276519722507676,0.17319271281505624,0.20666667973524552,0.3320016429460406,0.09643940204667345,-0.26643590720304566,0.4429956245797755,0.03679399876886649
50,sampling floor,6.866252743676037,6.866252743676037,6.866252743676037,6.866252743676037,6.866252743676037,6.866252743676037,,,,,,,,,,,
