g(t),diffusion,mid W2,mid sd,end W2,end sd,n seeds,d mid W2,d end W2
g = sigma,M(X_t),10.369444,0.098709,5.066231,0.344859,3,0.0,0.0
g = sigma,I,10.361727,0.100318,4.978799,0.21024,3,-0.007717,-0.087432
g ~ (1-t),M(X_t),10.358013,0.109213,5.007204,0.304373,3,-0.011431,-0.059027
g ~ (1-t),I,10.349575,0.112256,5.049224,0.050652,3,-0.019869,-0.017007
g ~ t,M(X_t),10.392216,0.082832,5.197665,0.369136,3,0.022772,0.131434
g ~ t,I,10.386814,0.083264,5.116925,0.358881,3,0.01737,0.050694
g ~ sqrt(t(1-t)),M(X_t),10.362876,0.084805,5.081445,0.32042,3,-0.006568,0.015214
g ~ sqrt(t(1-t)),I,10.351482,0.086863,5.003467,0.233835,3,-0.017963,-0.062764
g = 0 after t = 0.8,M(X_t),10.362555,0.098537,5.043991,0.328335,3,-0.006889,-0.02224
g = 0 after t = 0.8,I,10.354304,0.101276,4.991348,0.157828,3,-0.01514,-0.074883
g = 0,M(X_t),10.417328,0.087315,5.195493,0.377507,3,0.047884,0.129262
g = 0,I,10.417328,0.087315,5.195493,0.377507,3,0.047884,0.129262
